insert into users (id, email, password, first_name, last_name) values (1, 'testuser@gmail.com', 'password', 'Test', 'User');
insert into users (id, email, password, first_name, last_name) values (2, 'paubray1@smh.com.au', 'wCfISFdKj', 'Powell', 'Aubray');
insert into users (id, email, password, first_name, last_name) values (3, 'acottee2@studiopress.com', 'YPjMdMeB', 'Amanda', 'Cottee');
insert into users (id, email, password, first_name, last_name) values (4, 'gmacenzy3@so-net.ne.jp', 'raawXl2wg1', 'Granger', 'Macenzy');
insert into users (id, email, password, first_name, last_name) values (5, 'csillitoe4@skype.com', 'Nd4HkI1D0', 'Cele', 'Sillitoe');
insert into users (id, email, password, first_name, last_name) values (6, 'cstaton5@va.gov', 'xNen20G4Lc', 'Cinderella', 'Staton');
insert into users (id, email, password, first_name, last_name) values (7, 'ytrumper6@fda.gov', 'zbVtvRFJL', 'Yolane', 'Trumper');
insert into users (id, email, password, first_name, last_name) values (8, 'eravilus7@scientificamerican.com', 'VymT9pccIj', 'Erena', 'Ravilus');
insert into users (id, email, password, first_name, last_name) values (9, 'akondratenko8@arstechnica.com', 'W1EJ4jy', 'Ariana', 'Kondratenko');
insert into users (id, email, password, first_name, last_name) values (10, 'mflowitt9@paginegialle.it', 'sCTedqKuz', 'Mella', 'Flowitt');

INSERT INTO posts (id, text, image_url, author_id) VALUES (
 1, 'Insertion of Radioactive Element into Right Nipple, External Approach', 'FungalCx1.png', 5),
(2, 'Bypass Right Axillary Artery to Bilateral Upper Arm Artery, Open Approach', 'FungalCx2.png', 1),
(3, 'Occlusion of Jejunum, Percutaneous Endoscopic Approach', 'FungalCx3.png', 2),
(4, 'Restriction of Pancreatic Duct with Extraluminal Device, Open Approach', 'FungalCx4.png', 6),
(5, 'Revision of Synthetic Substitute in Right Tibia, Percutaneous Endoscopic Approach', 'FungalCx5.png', 5),
(6, 'Removal of Synthetic Substitute from Left Tarsal, Percutaneous Approach', 'FungalCx6.png', 1),
(7, 'Transfer Right Upper Leg Tendon, Open Approach', 'FungalCx7.png', 1),
(8, 'Reattachment of Right Large Intestine, Open Approach', 'FungalCx8.png', 10),
(9, 'Reposition Left Shoulder Joint with Internal Fixation Device, Percutaneous Endoscopic Approach', 'FungalCx9.png', 5),
(10, 'Drainage of Thoracic Vertebral Joint, Percutaneous Endoscopic Approach, Diagnostic', 'FungalCx10.png', 8),
(11, 'Occlusion of Right Radial Artery, Percutaneous Endoscopic Approach', 'FungalCx11.png', 3),
(12, 'Supplement Left Tunica Vaginalis with Autologous Tissue Substitute, Percutaneous Endoscopic Approach', 'FungalCx12.png', 6),
(13, 'Restriction of Mesenteric Lymphatic with Extraluminal Device, Open Approach', 'FungalCx13.png', 8),
(14, 'Stereotactic Particulate Radiosurgery of Pelvis Lymphatics', 'FungalCx14.png000000', 8),
(15, 'Revision of Nonautologous Tissue Substitute in Right Metatarsal, External Approach', 'FungalCx13.png', 8),
(16, 'Release Left Lower Extremity Bursa and Ligament, Open Approach', 'FungalCx12.png', 1);

insert into profile (id, about_me, hobbies, profile_pic, something_else, user_id) values (1, 'Suspendisse potenti. In eleifend quam a odio. In hac habitasse platea dictumst.  Maecenas ut massa quis augue luctus tincidunt. Nulla mollis molestie lorem. Quisque ut erat.', 'sailing', 'ProfilePic1.jpg', '362948762-9', 1);
insert into profile (id, about_me, hobbies, profile_pic, something_else, user_id) values (2, 'Duis aliquam convallis nunc. Proin at turpis a pede posuere nonummy. Integer non velit.', 'home-design', 'ProfilePic2.jpg', '090682284-X', 2);
insert into profile (id, about_me, hobbies, profile_pic, something_else, user_id) values (3, 'Aenean lectus. Pellentesque eget nunc. Donec quis orci eget orci vehicula condimentum.  Curabitur in libero ut massa volutpat convallis. Morbi odio odio, elementum eu, interdum eu, tincidunt in, leo. Maecenas pulvinar lobortis est.', 'running', 'ProfilePic3.jpg', '838922363-5', 3);
insert into profile (id, about_me, hobbies, profile_pic, something_else, user_id) values (4, 'Mauris enim leo, rhoncus sed, vestibulum sit amet, cursus id, turpis. Integer aliquet, massa id lobortis convallis, tortor risus dapibus augue, vel accumsan tellus nisi eu orci. Mauris lacinia sapien ', 'naturalist', 'ProfilePic4.jpg', '431296999-X', 4);
insert into profile (id, about_me, hobbies, profile_pic, something_else, user_id) values (5, 'Duis bibendum, felis sed interdum venenatis, turpis enim blandit mi, in porttitor pede justo eu massa. Donec dapibus. Duis at velit eu est congue elementum.', 'exercise', 'ProfilePic5.jpg', '964309090-6', 5);
insert into profile (id, about_me, hobbies, profile_pic, something_else, user_id) values (6, 'Integer ac leo. Pellentesque ultrices mattis odio. Donec vitae nisi.', 'exercise', 'ProfilePic6.jpg', '256876702-2', 6);
insert into profile (id, about_me, hobbies, profile_pic, something_else, user_id) values (7, 'Cras non velit nec nisi vulputate nonummy. Maecenas tincidunt lacus at velit. Vivamus vel nulla eget eros elementum pellentesque. Quisque porta volutpat erat. Quisque erat eros, viverra eget, congue eget, semper rutrum, nulla. Nunc purus.', 'jogging', 'ProfilePic7.jpg', '618702555-5', 7);
insert into profile (id, about_me, hobbies, profile_pic, something_else, user_id) values (8, 'Integer tincidunt ante vel ipsum. Praesent blandit lacinia erat. Vestibulum sed magna at nunc commodo placerat. Praesent blandit. Nam nulla. Integer pede justo, lacinia eget, tincidunt eget, tempus vel, pede.', 'Trumpophilia', 'ProfilePic8.jpg', '217401308-8', 8);
insert into profile (id, about_me, hobbies, profile_pic, something_else, user_id) values (9, 'Fusce posuere felis sed lacus. Morbi sem mauris, laoreet ut, rhoncus aliquet, pulvinar sed, nisl. Nunc rhoncus dui vel sem.', 'naturalist', 'ProfilePic9.jpg', '377237028-4', 9);
insert into profile (id, about_me, hobbies, profile_pic, something_else, user_id) values (10, 'Phasellus in felis. Donec semper sapien a libero. Nam dui.', 'cosplay', 'ProfilePic10.jpg', '736173071-X', 10);